<manifest alg="2" build="2018.1.0.386" opt="false" iceEnabled="true" iceMarkupVersion="2" iceEnabledOptions="link,responsive,cachebuster,textStyling" exportTarget="other" domain="laserlab.com.mx" resolutions="1x" timestamp="1533135931104">
  <folder name="css">
    <file name="site_global.css" crc="330855053"/>
    <file name="index.css" crc="3920474223" ref="index"/>
  </folder>
  <folder name="scripts">
    <file name="jquery-1.8.3.min.js" crc="209076791" ref="index"/>
    <file name="museutils.js" crc="340535759" ref="index"/>
    <file name="whatinput.js" crc="86476730" ref="index"/>
    <file name="museconfig.js" crc="4286661555" ref="index"/>
    <file name="webpro.js" crc="4059564322" ref="index"/>
    <file name="musewpslideshow.js" crc="3862962738" ref="index"/>
    <file name="jquery.museoverlay.js" crc="4147669564" ref="index"/>
    <file name="touchswipe.js" crc="4075097462" ref="index"/>
    <file name="require.js" crc="7928878" ref="index"/>
  </folder>
  <folder name="images">
    <file name="07-update.jpg" crc="3837226565" seo="true" ref="index">
      <caption webpage="index" alt=""/>
    </file>
    <file name="blank.gif" crc="4208392903" ref="index"/>
    <file name="sliderlaser03.jpg" crc="12546242" seo="true" ref="index">
      <caption webpage="index" alt=""/>
    </file>
    <file name="sliderlaser02.jpg" crc="3919560280" seo="true" ref="index">
      <caption webpage="index" alt=""/>
    </file>
    <file name="banner-atencion-03.jpg" crc="4210005248" seo="true" ref="index">
      <caption webpage="index" alt=""/>
    </file>
    <file name="01-slide-bm3-anuncio.jpg" crc="414101328" seo="true" ref="index">
      <caption webpage="index" alt=""/>
    </file>
    <file name="07-update-crop-u884.jpg" crc="4040917144" seo="true" ref="index">
      <caption webpage="index" alt=""/>
    </file>
    <file name="sliderlaser03-crop-u297.jpg" crc="4246313592" seo="true" ref="index">
      <caption webpage="index" alt=""/>
    </file>
    <file name="sliderlaser02-crop-u288.jpg" crc="142857416" seo="true" ref="index">
      <caption webpage="index" alt=""/>
    </file>
    <file name="banner-atencion-03-crop-u710.jpg" crc="130571432" seo="true" ref="index">
      <caption webpage="index" alt=""/>
    </file>
    <file name="loading.gif" crc="3815509949" ref="index"/>
    <file name="01-slide-bm3-anuncio-crop-u1069.jpg" crc="3970412885" seo="true" ref="index">
      <caption webpage="index" alt=""/>
    </file>
  </folder>
  <file name="index.html" crc="382937056" seo="true" mt="1533135917730" redirect="true"/>
</manifest>